Workbook

Sheet producción ARG
A1: LIQUIDACION FINAL DE MAREA
A3: BUQUE | B3: A19
A4: MAREA | B4: 307
A5: SALIDA | B5: 45923 | C5: LLEGADA | E5: 45942 | G5: =E5-B5+1 -> 20 | H5: DIAS
A7: Tº CAMBIO | C7: 1400
A8: COEF CAPECA | C8: 60
A9: COEF OFICIALES | C9: 90
A10: COEF MARINERIA | C10: 78
G11: ASEG./ MES
A12: PUESTO | C12: LEGAJO | F12: DIAS | G12: USD | H12: $ | I12: % RET | J12: NETO | K12: BRUTO | L12: PGDO. | M12: DIF
A13: Capitán | C13: 4220 | D13: PICCIONE HUGO LUCIANO | F13: =+G5 -> 20 | G13: 6900 | H13: =G13*$C$7 -> 9660000 | K13: =H13/30*F13 -> 6440000 | M13: =K13-L13 -> 6440000
A14: Primer Oficial de Cubierta | C14: 2451 | D14: MARTINEZ ROBERTO | F14: =+G5 -> 20 | G14: 5400 | H14: =G14*$C$7 -> 7560000 | K14: =H14/30*F14 -> 5040000 | M14: =K14-L14 -> 5040000
A15: Jefe de Máquinas | C15: 794 | D15: RIOS EDUARDO | F15: =+G5 -> 20 | G15: 7000 | H15: =G15*$C$7 -> 9800000 | K15: =H15/30*F15 -> 6533333.3 | M15: =K15-L15 -> 6533333.3
A16: Garantía de Máquinas | C16: 3039 | D16: SALINAS ALEJANDRO FABIO | F16: =+G5 -> 20 | G16: 4750 | H16: =G16*$C$7 -> 6650000 | K16: =H16/30*F16 -> 4433333.3 | M16: =K16-L16 -> 4433333.3
A18: Producción hasta | C18: =+E5 -> 45942 | D18: Valores ARBUMASA OF | H18: Valores | I18: Total ARBUMASA OF | M18: Total | N18: 0.022 | O18: 0.018 | P18: 0.01 | Q18: 0.009 | R18: 0.0085
A19: Clasif. | B19: Kgs.Brutos | C19: Kgs.Netos | D19: Capitán | E19: 1º O.C. | F19: J.Maq. | G19: 1ºO.M. | H19: SOMU | I19: Capitán | J19: 1º O.C. | K19: J.Maq. | L19: 1ºO.M. | M19: =+H19 -> SOMU | N19: Capitán | O19: 1º Ofic | P19: CyC | Q19: Cbta | R19: Planta
A20: L 1 | B20: =C20/12*14 -> 51366 | C20: 44028 | D20: 125.19 | E20: 92.53 | F20: 108.86 | G20: 92.53 | H20: =5800 -> 5800 | I20: =((C20*D20/1000)*$C$7)*$C$9/100 -> 6944950.3 | J20: =((C20*E20/1000)*$C$7)*$C$9/100 -> 5133127.7 | K20: =((C20*F20/1000)*$C$7)*$C$9/100 -> 6039039 | L20: =((C20*G20/1000)*$C$7)*$C$9/100 -> 5133127.7 | M20: =((C20*H20/1000)*$C$7) -> 357507360 | N20: =+M20*$N$18*$C$9/100*0.78 -> 5521343.7 | O20: =+M20*$O$18*$C$9/100*0.78 -> 4517463 | P20: =+M20*$P$18*$C$10/100 -> 2788557.4 | Q20: =M20*$Q$18*$C$10/100 -> 2509701.7 | R20: =+M20*$R$18*$C$10/100 -> 2370273.8 | S20: =+P20*0.3 -> 836567.22 | T20: =+Q20*0.3 -> 752910.5 | U20: =+R20*0.3 -> 711082.14
A21: L 2 | B21: =C21/12*14 -> 12250 | C21: 10500 | D21: 92.92 | E21: 68.68 | F21: 80.8 | G21: 68.68 | H21: =5500 -> 5500 | I21: =((C21*D21/1000)*$C$7)*$C$9/100 -> 1229331.6 | J21: =((C21*E21/1000)*$C$7)*$C$9/100 -> 908636.4 | K21: =((C21*F21/1000)*$C$7)*$C$9/100 -> 1068984 | L21: =((C21*G21/1000)*$C$7)*$C$9/100 -> 908636.4 | M21: =((C21*H21/1000)*$C$7) -> 80850000 | N21: =+M21*$N$18*$C$9/100*0.78 -> 1248647.4 | O21: =+M21*$O$18*$C$9/100*0.78 -> 1021620.6 | P21: =+M21*$P$18*$C$10/100 -> 630630 | Q21: =M21*$Q$18*$C$10/100 -> 567567 | R21: =+M21*$R$18*$C$10/100 -> 536035.5 | S21: =+P21*0.3 -> 189189 | T21: =+Q21*0.3 -> 170270.1 | U21: =+R21*0.3 -> 160810.65
A22: L 3 | B22: =C22/12*14 -> 28 | C22: 24 | D22: 75.5 | E22: 55.81 | F22: 65.65 | G22: 55.81 | H22: =4500 -> 4500 | I22: =((C22*D22/1000)*$C$7)*$C$9/100 -> 2283.12 | J22: =((C22*E22/1000)*$C$7)*$C$9/100 -> 1687.6944 | K22: =((C22*F22/1000)*$C$7)*$C$9/100 -> 1985.256 | L22: =((C22*G22/1000)*$C$7)*$C$9/100 -> 1687.6944 | M22: =((C22*H22/1000)*$C$7) -> 151200 | N22: =+M22*$N$18*$C$9/100*0.78 -> 2335.1328 | O22: =+M22*$O$18*$C$9/100*0.78 -> 1910.5632 | P22: =+M22*$P$18*$C$10/100 -> 1179.36 | Q22: =M22*$Q$18*$C$10/100 -> 1061.424 | R22: =+M22*$R$18*$C$10/100 -> 1002.456 | S22: =+P22*0.3 -> 353.808 | T22: =+Q22*0.3 -> 318.4272 | U22: =+R22*0.3 -> 300.7368
A23: L 4 | B23: =C23/12*14 -> 0 | C23: 0 | D23: 61.69 | E23: 45.61 | F23: 53.64 | G23: 45.61 | H23: =3900 -> 3900 | I23: =((C23*D23/1000)*$C$7)*$C$9/100 -> 0 | J23: =((C23*E23/1000)*$C$7)*$C$9/100 -> 0 | K23: =((C23*F23/1000)*$C$7)*$C$9/100 -> 0 | L23: =((C23*G23/1000)*$C$7)*$C$9/100 -> 0 | M23: =((C23*H23/1000)*$C$7) -> 0 | N23: =+M23*$N$18*$C$9/100*0.78 -> 0 | O23: =+M23*$O$18*$C$9/100*0.78 -> 0 | P23: =+M23*$P$18*$C$10/100 -> 0 | Q23: =M23*$Q$18*$C$10/100 -> 0 | R23: =+M23*$R$18*$C$10/100 -> 0 | S23: =+P23*0.3 -> 0 | T23: =+Q23*0.3 -> 0 | U23: =+R23*0.3 -> 0
A24: L 5 | B24: =C24/12*14 -> 0 | C24: 0 | D24: 52.26 | E24: 38.63 | F24: 45.44 | G24: 38.63 | H24: =3500 -> 3500 | I24: =((C24*D24/1000)*$C$7)*$C$9/100 -> 0 | J24: =((C24*E24/1000)*$C$7)*$C$9/100 -> 0 | K24: =((C24*F24/1000)*$C$7)*$C$9/100 -> 0 | L24: =((C24*G24/1000)*$C$7)*$C$9/100 -> 0 | M24: =((C24*H24/1000)*$C$7) -> 0 | N24: =+M24*$N$18*$C$9/100*0.78 -> 0 | O24: =+M24*$O$18*$C$9/100*0.78 -> 0 | P24: =+M24*$P$18*$C$10/100 -> 0 | Q24: =M24*$Q$18*$C$10/100 -> 0 | R24: =+M24*$R$18*$C$10/100 -> 0 | S24: =+P24*0.3 -> 0 | T24: =+Q24*0.3 -> 0 | U24: =+R24*0.3 -> 0
A25: L 6 | B25: =C25/12*14 -> 0 | C25: 0 | D25: 52.26 | E25: 38.63 | F25: 45.44 | G25: 38.63 | H25: =3100 -> 3100 | I25: =((C25*D25/1000)*$C$7)*$C$9/100 -> 0 | J25: =((C25*E25/1000)*$C$7)*$C$9/100 -> 0 | K25: =((C25*F25/1000)*$C$7)*$C$9/100 -> 0 | L25: =((C25*G25/1000)*$C$7)*$C$9/100 -> 0 | M25: =((C25*H25/1000)*$C$7) -> 0 | N25: =+M25*$N$18*$C$9/100*0.78 -> 0 | O25: =+M25*$O$18*$C$9/100*0.78 -> 0 | P25: =+M25*$P$18*$C$10/100 -> 0 | Q25: =M25*$Q$18*$C$10/100 -> 0 | R25: =+M25*$R$18*$C$10/100 -> 0 | S25: =+P25*0.3 -> 0 | T25: =+Q25*0.3 -> 0 | U25: =+R25*0.3 -> 0
A26: C 1 | B26: =C26/12*14 -> 2814 | C26: 2412 | D26: 123.94 | E26: 91.61 | F26: 107.77 | G26: 91.61 | H26: 4500 | I26: =((C26*D26/1000)*$C$7)*$C$9/100 -> 376668.53 | J26: =((C26*E26/1000)*$C$7)*$C$9/100 -> 278413.78 | K26: =((C26*F26/1000)*$C$7)*$C$9/100 -> 327525.96 | L26: =((C26*G26/1000)*$C$7)*$C$9/100 -> 278413.78 | M26: =((C26*H26/1000)*$C$7) -> 15195600 | N26: =+M26*$N$18*$C$9/100*0.78 -> 234680.85 | O26: =+M26*$O$18*$C$9/100*0.78 -> 192011.6 | P26: =+M26*$P$18*$C$10/100 -> 118525.68 | Q26: =M26*$Q$18*$C$10/100 -> 106673.11 | R26: =+M26*$R$18*$C$10/100 -> 100746.83 | S26: =+P26*0.3 -> 35557.704 | T26: =+Q26*0.3 -> 32001.934 | U26: =+R26*0.3 -> 30224.048
A27: C 2 | B27: =C27/12*14 -> 0 | C27: 0 | D27: 75.5 | E27: 55.81 | F27: 65.65 | G27: 55.81 | H27: 4500 | I27: =((C27*D27/1000)*$C$7)*$C$9/100 -> 0 | J27: =((C27*E27/1000)*$C$7)*$C$9/100 -> 0 | K27: =((C27*F27/1000)*$C$7)*$C$9/100 -> 0 | L27: =((C27*G27/1000)*$C$7)*$C$9/100 -> 0 | M27: =((C27*H27/1000)*$C$7) -> 0 | N27: =+M27*$N$18*$C$9/100*0.78 -> 0 | O27: =+M27*$O$18*$C$9/100*0.78 -> 0 | P27: =+M27*$P$18*$C$10/100 -> 0 | Q27: =M27*$Q$18*$C$10/100 -> 0 | R27: =+M27*$R$18*$C$10/100 -> 0 | S27: =+P27*0.3 -> 0 | T27: =+Q27*0.3 -> 0 | U27: =+R27*0.3 -> 0
A28: C 3 | B28: =C28/12*14 -> 0 | C28: 0 | D28: 52.26 | E28: 38.63 | F28: 45.44 | G28: 38.63 | H28: =4500 -> 4500 | I28: =((C28*D28/1000)*$C$7)*$C$9/100 -> 0 | J28: =((C28*E28/1000)*$C$7)*$C$9/100 -> 0 | K28: =((C28*F28/1000)*$C$7)*$C$9/100 -> 0 | L28: =((C28*G28/1000)*$C$7)*$C$9/100 -> 0 | M28: =((C28*H28/1000)*$C$7) -> 0 | N28: =+M28*$N$18*$C$9/100*0.78 -> 0 | O28: =+M28*$O$18*$C$9/100*0.78 -> 0 | P28: =+M28*$P$18*$C$10/100 -> 0 | Q28: =M28*$Q$18*$C$10/100 -> 0 | R28: =+M28*$R$18*$C$10/100 -> 0 | S28: =+P28*0.3 -> 0 | T28: =+Q28*0.3 -> 0 | U28: =+R28*0.3 -> 0
A29: C R | B29: =C29/12*14 -> 0 | C29: 0 | D29: 52.26 | E29: 38.63 | F29: 45.44 | G29: 38.63 | H29: =3000 -> 3000 | I29: =((C29*D29/1000)*$C$7)*$C$9/100 -> 0 | J29: =((C29*E29/1000)*$C$7)*$C$9/100 -> 0 | K29: =((C29*F29/1000)*$C$7)*$C$9/100 -> 0 | L29: =((C29*G29/1000)*$C$7)*$C$9/100 -> 0 | M29: =((C29*H29/1000)*$C$7) -> 0 | N29: =+M29*$N$18*$C$9/100*0.78 -> 0 | O29: =+M29*$O$18*$C$9/100*0.78 -> 0 | P29: =+M29*$P$18*$C$10/100 -> 0 | Q29: =M29*$Q$18*$C$10/100 -> 0 | R29: =+M29*$R$18*$C$10/100 -> 0 | S29: =+P29*0.3 -> 0 | T29: =+Q29*0.3 -> 0 | U29: =+R29*0.3 -> 0
A30: MERL. EV | B30: 0 | C30: 0 | D30: 10.78 | E30: 7.97 | F30: 9.38 | G30: 7.97 | H30: 1600 | I30: =C30*D30/1000 -> 0 | J30: =C30*E30/1000 -> 0 | K30: =C30*F30/1000 -> 0 | L30: =C30*G30/1000 -> 0 | M30: =((C30*H30/1000)*$C$7) -> 0 | N30: =+M30*$N$18 -> 0 | O30: =+M30*$O$18 -> 0 | P30: =+M30*$P$18 -> 0 | Q30: =M30*$Q$18 -> 0 | R30: =+M30*$R$18 -> 0 | S30: =+P30*0.3 -> 0 | T30: =+Q30*0.3 -> 0 | U30: =+R30*0.3 -> 0
A31: MERL.EN | C31: 0 | D31: 10.78 | E31: 7.97 | F31: 9.38 | G31: 7.97 | H31: 200 | I31: =C31*D31/1000 -> 0 | J31: =C31*E31/1000 -> 0 | K31: =C31*F31/1000 -> 0 | L31: =C31*G31/1000 -> 0 | M31: =((C31*H31/1000)*$C$7) -> 0 | N31: =+M31*$N$18 -> 0 | O31: =+M31*$O$18 -> 0 | P31: =+M31*$P$18 -> 0 | Q31: =M31*$Q$18 -> 0 | R31: =+M31*$R$18 -> 0 | S31: =+P31*0.3 -> 0 | T31: =+Q31*0.3 -> 0 | U31: =+R31*0.3 -> 0
A33: TOTAL | B33: =SUM(B20:B32) -> 66458 | C33: =SUM(C20:C32) -> 56964 | I33: =SUM(I20:I32) -> 8553233.6 | J33: =SUM(J20:J32) -> 6321865.5 | K33: =SUM(K20:K32) -> 7437534.2 | L33: =SUM(L20:L32) -> 6321865.5 | M33: =SUM(M20:M32) -> 453704160 | N33: =SUM(N20:N32) -> 7007007 | O33: =SUM(O20:O32) -> 5733005.8 | P33: =SUM(P20:P32) -> 3538892.4 | ... R33: =SUM(R20:R32) -> 3008058.6
G34: A CTA MAREA/ TS MECS | I34: =+I33-N33 -> 1546226.5 | J34: =+J33-O33 -> 588859.77 | K34: =+K33*0.15 -> 1115630.1 | L34: =+L33*0.15 -> 948279.83
I35: 2484000 | J35: 1944000 | K35: 2520000 | N35: 2484000 | O35: 1944000
I36: =+I33-I35 -> 6069233.6 | J36: =+J33-J35 -> 4377865.5 | K36: =+K33+K34-K35 -> 6033164.3 | N36: =+N33-N35 -> 4523007 | O36: =+O33-O35+J40 -> 3789005.8 | P36: =+P26/H26*(H20-H26) -> 34240.752 | Q36: =+Q26/H26*(H20-H26) -> 30816.677 | R36: =+R26/H26*(H20-H26) -> 29104.639 | S36: GRAT PROD COLAS
Q37: =+Q33*0.2 -> 637000.64 | R37: =+R33*0.2 -> 601611.72 | S37: TRAB ESP
R38: =+C33/1000*1532 -> 87268.848 | S38: BODEGA COMPLETA
R39: =+R38*0.3 -> 26180.654
Q41: =+Q37*0.3 -> 191100.19 | R41: =+R37*0.3 -> 180483.51
P42: =+P36*0.3 -> 10272.226 | Q42: =+Q36*0.3 -> 9245.003 | R42: =+R36*0.3 -> 8731.3918

Sheet producción ESP
A1: TC OFICIALES | C1: =+'producción ARG'!C7 -> 1400
A2: TC SOMU | C2: =+'producción ARG'!C7 -> 1400
A3: COEFICIENTE | C3: 1 | F3: 1404
E4: =+'producción ARG'!C16 -> 3039 | F4: 4096-3795
A5: Producción | C5: Valores | D5: Valores | E5: G MAQUINAS | F5: CONTRAMAESTRE
A6: Clasif. | B6: Kgs.Netos | C6: G MAQUINAS | D6: CONTRAMAESTRE | E6: 0.025 | F6: 0.015
A7: L 1 | B7: =+'producción ARG'!C20 -> 44028 | C7: 142.81313 | D7: 85.687875 | E7: =+B7*C7/1000*$C$1 -> 8802886.8 | F7: =+B7*D7/1000*$C$2 -> 5281732.1
A8: L 2 | B8: =+'producción ARG'!C21 -> 10500 | C8: 124.38563 | D8: 74.631375 | E8: =+B8*C8/1000*$C$1 -> 1828468.7 | F8: =+B8*D8/1000*$C$2 -> 1097081.2
A9: L 3 | B9: =+'producción ARG'!C22 -> 24 | C9: 105.95813 | D9: 63.574875 | E9: =+B9*C9/1000*$C$1 -> 3560.193 | F9: =+B9*D9/1000*$C$2 -> 2136.1158
A10: L 4 | B10: =+'producción ARG'!C23 -> 0 | C10: 96.744375 | D10: 58.046625 | E10: =+B10*C10/1000*$C$1 -> 0 | F10: =+B10*D10/1000*$C$2 -> 0
A11: L 5 | B11: =+'producción ARG'!C24 -> 0 | C11: 82.92375 | D11: 49.75425 | E11: =+B11*C11/1000*$C$1 -> 0 | F11: =+B11*D11/1000*$C$2 -> 0
A12: L 6 | B12: =+'producción ARG'!C25 -> 0 | C12: 82.92375 | D12: 49.75425 | E12: =+B12*C12/1000*$C$1 -> 0 | F12: =+B12*D12/1000*$C$2 -> 0
A13: C 1 | B13: =+'producción ARG'!C26 -> 2412 | C13: 142.81313 | D13: 85.687875 | E13: =+B13*C13/1000*$C$1 -> 482251.36 | F13: =+B13*D13/1000*$C$2 -> 289350.82
A14: C 2 | B14: =+'producción ARG'!C27 -> 0 | C14: 119.77875 | D14: 71.86725 | E14: =+B14*C14/1000*$C$1 -> 0 | F14: =+B14*D14/1000*$C$2 -> 0
A15: C 3 | B15: =+'producción ARG'!C28 -> 0 | C15: 87.530625 | D15: 52.518375 | E15: =+B15*C15/1000*$C$1 -> 0 | F15: =+B15*D15/1000*$C$2 -> 0
A16: C R | B16: =+'producción ARG'!C29 -> 0 | C16: 82.92375 | D16: 49.75425 | E16: =+B16*C16/1000*$C$1 -> 0 | F16: =+B16*D16/1000*$C$2 -> 0
A17: ADICIONAL | E17: =+B19*C17/1000*C1 -> 0 | F17: =+B17*D17/1000*$C$2 -> 0
E18: =B18/1000*D18*$C$1*$C$3*E$6 -> 0 | F18: =+B18*D18/1000*$C$2 -> 0
A19: TOTAL | B19: =SUM(B7:B18) -> 56964 | E19: =SUM(E7:E18) -> 11117167 | F19: =SUM(F7:F18) -> 6670300.2
E20: 2520000 | F20: 361401.51
E22: =+E19-E20 -> 8597167 | F22: =+F19-F20 -> 6308898.7
E24: 3795 CONT CBTA | F24: =+F19-'[1]producción ESP'!$D$19 -> 1673050.8
E25: 3795 CONTRAMAESTRE | F25: 2520528.5
F26: =+F24+F25 -> 4193579.3
